1,Handcrafted Rubber Fish,69,"The automobile layout consists of a front-engine design, with transaxle-type transmissions mounted at the rear of the engine and four wheel drive",1,Clothes,https://api.lorem.space/image/fashion?w=640&h=480&r=1296,https://api.lorem.space/image/fashion?w=640&h=480&r=9574,https://api.lorem.space/image/fashion?w=640&h=480&r=1017,https://api.lorem.space/image/fashion?w=640&h=480&r=9182
2,Ergonomic Rubber Car,965,The beautiful range of Apple Naturalé that has an exciting mix of natural ingredients. With the Goodness of 100% Natural Ingredients,4,Shoes,https://api.lorem.space/image/shoes?w=640&h=480&r=7332,https://api.lorem.space/image/shoes?w=640&h=480&r=1417,https://api.lorem.space/image/shoes?w=640&h=480&r=9149,https://api.lorem.space/image/shoes?w=640&h=480&r=5401
3,Handmade Frozen Mouse,379,"Boston's most advanced compression wear technology increases muscle oxygenation, stabilizes active muscles",2,Electronics,https://api.lorem.space/image/watch?w=640&h=480&r=7270,https://api.lorem.space/image/watch?w=640&h=480&r=779,https://api.lorem.space/image/watch?w=640&h=480&r=5048,https://api.lorem.space/image/watch?w=640&h=480&r=2372
4,Tasty Steel Table,633,The Football Is Good For Training And Recreational Purposes,4,Shoes,https://api.lorem.space/image/shoes?w=640&h=480&r=7332,https://api.lorem.space/image/shoes?w=640&h=480&r=2854,https://api.lorem.space/image/shoes?w=640&h=480&r=3198,https://api.lorem.space/image/shoes?w=640&h=480&r=4663
5,Fantastic Frozen Gloves,603,"The automobile layout consists of a front-engine design, with transaxle-type transmissions mounted at the rear of the engine and four wheel drive",5,Others,https://api.lorem.space/image?w=640&h=480&r=7943,https://api.lorem.space/image?w=640&h=480&r=5050,https://api.lorem.space/image?w=640&h=480&r=1365,https://api.lorem.space/image?w=640&h=480&r=7275
6,Generic Steel Shoes,921,"The Nagasaki Lander is the trademarked name of several series of Nagasaki sport bikes, that started with the 1984 ABC800J",4,Shoes,https://api.lorem.space/image/shoes?w=640&h=480&r=7332,https://api.lorem.space/image/shoes?w=640&h=480&r=5552,https://api.lorem.space/image/shoes?w=640&h=480&r=7837,https://api.lorem.space/image/shoes?w=640&h=480&r=567
7,Incredible Fresh Gloves,601,"The Apollotech B340 is an affordable wireless mouse with reliable connectivity, 12 months battery life and modern design",1,Clothes,https://api.lorem.space/image/fashion?w=640&h=480&r=1296,https://api.lorem.space/image/fashion?w=640&h=480&r=5590,https://api.lorem.space/image/fashion?w=640&h=480&r=2822,https://api.lorem.space/image/fashion?w=640&h=480&r=2658
8,Handmade Frozen Chair,664,New range of formal shirts are designed keeping you in mind. With fits and styling that will make you stand apart,2,Electronics,https://api.lorem.space/image/watch?w=640&h=480&r=7270,https://api.lorem.space/image/watch?w=640&h=480&r=1261,https://api.lorem.space/image/watch?w=640&h=480&r=9538,https://api.lorem.space/image/watch?w=640&h=480&r=8414
9,Tasty Concrete Gloves,377,"New ABC 13 9370, 13.3, 5th Gen CoreA5-8250U, 8GB RAM, 256GB SSD, power UHD Graphics, OS 10 Home, OS Office A & J 2016",3,Furniture,https://api.lorem.space/image/furniture?w=640&h=480&r=8541,https://api.lorem.space/image/furniture?w=640&h=480&r=6063,https://api.lorem.space/image/furniture?w=640&h=480&r=6721,https://api.lorem.space/image/furniture?w=640&h=480&r=25
10,Handcrafted Fresh Bike,117,"New ABC 13 9370, 13.3, 5th Gen CoreA5-8250U, 8GB RAM, 256GB SSD, power UHD Graphics, OS 10 Home, OS Office A & J 2016",1,Clothes,https://api.lorem.space/image/fashion?w=640&h=480&r=1296,https://api.lorem.space/image/fashion?w=640&h=480&r=2786,https://api.lorem.space/image/fashion?w=640&h=480&r=8661,https://api.lorem.space/image/fashion?w=640&h=480&r=1373
11,Refined Rubber Cheese,265,"The Nagasaki Lander is the trademarked name of several series of Nagasaki sport bikes, that started with the 1984 ABC800J",3,Furniture,https://api.lorem.space/image/furniture?w=640&h=480&r=8541,https://api.lorem.space/image/furniture?w=640&h=480&r=9356,https://api.lorem.space/image/furniture?w=640&h=480&r=9805,https://api.lorem.space/image/furniture?w=640&h=480&r=5760
12,Rustic Rubber Keyboard,290,"The Apollotech B340 is an affordable wireless mouse with reliable connectivity, 12 months battery life and modern design",3,Furniture,https://api.lorem.space/image/furniture?w=640&h=480&r=8541,https://api.lorem.space/image/furniture?w=640&h=480&r=6896,https://api.lorem.space/image/furniture?w=640&h=480&r=872,https://api.lorem.space/image/furniture?w=640&h=480&r=3916
13,Fantastic Metal Car,346,The beautiful range of Apple Naturalé that has an exciting mix of natural ingredients. With the Goodness of 100% Natural Ingredients,5,Others,https://api.lorem.space/image?w=640&h=480&r=7943,https://api.lorem.space/image?w=640&h=480&r=1814,https://api.lorem.space/image?w=640&h=480&r=9757,https://api.lorem.space/image?w=640&h=480&r=5317
14,Ergonomic Cotton Fish,762,The slim & simple Maple Gaming Keyboard from Dev Byte comes with a sleek body and 7- Color RGB LED Back-lighting for smart functionality,3,Furniture,https://api.lorem.space/image/furniture?w=640&h=480&r=8541,https://api.lorem.space/image/furniture?w=640&h=480&r=5159,https://api.lorem.space/image/furniture?w=640&h=480&r=85,https://api.lorem.space/image/furniture?w=640&h=480&r=3795
15,Incredible Frozen Pizza,200,Ergonomic executive chair upholstered in bonded black leather and PVC padded seat and back for all-day comfort and support,4,Shoes,https://api.lorem.space/image/shoes?w=640&h=480&r=7332,https://api.lorem.space/image/shoes?w=640&h=480&r=6768,https://api.lorem.space/image/shoes?w=640&h=480&r=5326,https://api.lorem.space/image/shoes?w=640&h=480&r=1225
16,Refined Frozen Shoes,916,"Andy shoes are designed to keeping in mind durability as well as trends, the most stylish range of shoes & sandals",2,Electronics,https://api.lorem.space/image/watch?w=640&h=480&r=7270,https://api.lorem.space/image/watch?w=640&h=480&r=3952,https://api.lorem.space/image/watch?w=640&h=480&r=853,https://api.lorem.space/image/watch?w=640&h=480&r=7448
17,Generic Wooden Salad,167,New range of formal shirts are designed keeping you in mind. With fits and styling that will make you stand apart,3,Furniture,https://api.lorem.space/image/furniture?w=640&h=480&r=8541,https://api.lorem.space/image/furniture?w=640&h=480&r=8188,https://api.lorem.space/image/furniture?w=640&h=480&r=5431,https://api.lorem.space/image/furniture?w=640&h=480&r=829
18,Licensed Fresh Sausages,373,"The Apollotech B340 is an affordable wireless mouse with reliable connectivity, 12 months battery life and modern design",2,Electronics,https://api.lorem.space/image/watch?w=640&h=480&r=7270,https://api.lorem.space/image/watch?w=640&h=480&r=5048,https://api.lorem.space/image/watch?w=640&h=480&r=563,https://api.lorem.space/image/watch?w=640&h=480&r=5053
19,Intelligent Granite Towels,162,"Andy shoes are designed to keeping in mind durability as well as trends, the most stylish range of shoes & sandals",4,Shoes,https://api.lorem.space/image/shoes?w=640&h=480&r=7332,https://api.lorem.space/image/shoes?w=640&h=480&r=8905,https://api.lorem.space/image/shoes?w=640&h=480&r=7462,https://api.lorem.space/image/shoes?w=640&h=480&r=5515
20,Handcrafted Granite Bike,207,"The automobile layout consists of a front-engine design, with transaxle-type transmissions mounted at the rear of the engine and four wheel drive",1,Clothes,https://api.lorem.space/image/fashion?w=640&h=480&r=1296,https://api.lorem.space/image/fashion?w=640&h=480&r=8679,https://api.lorem.space/image/fashion?w=640&h=480&r=4485,https://api.lorem.space/image/fashion?w=640&h=480&r=7139
21,Intelligent Fresh Bacon,852,Ergonomic executive chair upholstered in bonded black leather and PVC padded seat and back for all-day comfort and support,2,Electronics,https://api.lorem.space/image/watch?w=640&h=480&r=7270,https://api.lorem.space/image/watch?w=640&h=480&r=9108,https://api.lorem.space/image/watch?w=640&h=480&r=955,https://api.lorem.space/image/watch?w=640&h=480&r=4755
22,Generic Fresh Pants,58,Ergonomic executive chair upholstered in bonded black leather and PVC padded seat and back for all-day comfort and support,2,Electronics,https://api.lorem.space/image/watch?w=640&h=480&r=7270,https://api.lorem.space/image/watch?w=640&h=480&r=1290,https://api.lorem.space/image/watch?w=640&h=480&r=9997,https://api.lorem.space/image/watch?w=640&h=480&r=7288
23,Incredible Soft Ball,481,"New ABC 13 9370, 13.3, 5th Gen CoreA5-8250U, 8GB RAM, 256GB SSD, power UHD Graphics, OS 10 Home, OS Office A & J 2016",1,Clothes,https://api.lorem.space/image/fashion?w=640&h=480&r=1296,https://api.lorem.space/image/fashion?w=640&h=480&r=5448,https://api.lorem.space/image/fashion?w=640&h=480&r=5908,https://api.lorem.space/image/fashion?w=640&h=480&r=3074
24,Generic Cotton Fish,505,"The Apollotech B340 is an affordable wireless mouse with reliable connectivity, 12 months battery life and modern design",1,Clothes,https://api.lorem.space/image/fashion?w=640&h=480&r=1296,https://api.lorem.space/image/fashion?w=640&h=480&r=9763,https://api.lorem.space/image/fashion?w=640&h=480&r=8377,https://api.lorem.space/image/fashion?w=640&h=480&r=9570
25,Practical Wooden Shoes,873,"Andy shoes are designed to keeping in mind durability as well as trends, the most stylish range of shoes & sandals",2,Electronics,https://api.lorem.space/image/watch?w=640&h=480&r=7270,https://api.lorem.space/image/watch?w=640&h=480&r=5155,https://api.lorem.space/image/watch?w=640&h=480&r=6474,https://api.lorem.space/image/watch?w=640&h=480&r=4849
26,Incredible Steel Bike,953,"The automobile layout consists of a front-engine design, with transaxle-type transmissions mounted at the rear of the engine and four wheel drive",1,Clothes,https://api.lorem.space/image/fashion?w=640&h=480&r=1296,https://api.lorem.space/image/fashion?w=640&h=480&r=143,https://api.lorem.space/image/fashion?w=640&h=480&r=3160,https://api.lorem.space/image/fashion?w=640&h=480&r=2489
27,Awesome Fresh Shirt,101,"The Apollotech B340 is an affordable wireless mouse with reliable connectivity, 12 months battery life and modern design",1,Clothes,https://api.lorem.space/image/fashion?w=640&h=480&r=1296,https://api.lorem.space/image/fashion?w=640&h=480&r=4949,https://api.lorem.space/image/fashion?w=640&h=480&r=5123,https://api.lorem.space/image/fashion?w=640&h=480&r=9702
28,Awesome Plastic Bacon,847,"The Nagasaki Lander is the trademarked name of several series of Nagasaki sport bikes, that started with the 1984 ABC800J",1,Clothes,https://api.lorem.space/image/fashion?w=640&h=480&r=1296,https://api.lorem.space/image/fashion?w=640&h=480&r=436,https://api.lorem.space/image/fashion?w=640&h=480&r=4072,https://api.lorem.space/image/fashion?w=640&h=480&r=7324
29,Refined Granite Ball,921,"New ABC 13 9370, 13.3, 5th Gen CoreA5-8250U, 8GB RAM, 256GB SSD, power UHD Graphics, OS 10 Home, OS Office A & J 2016",3,Furniture,https://api.lorem.space/image/furniture?w=640&h=480&r=8541,https://api.lorem.space/image/furniture?w=640&h=480&r=736,https://api.lorem.space/image/furniture?w=640&h=480&r=3697,https://api.lorem.space/image/furniture?w=640&h=480&r=3665
30,Unbranded Soft Pizza,260,"The Apollotech B340 is an affordable wireless mouse with reliable connectivity, 12 months battery life and modern design",3,Furniture,https://api.lorem.space/image/furniture?w=640&h=480&r=8541,https://api.lorem.space/image/furniture?w=640&h=480&r=2665,https://api.lorem.space/image/furniture?w=640&h=480&r=760,https://api.lorem.space/image/furniture?w=640&h=480&r=5887
31,Intelligent Frozen Cheese,600,"The automobile layout consists of a front-engine design, with transaxle-type transmissions mounted at the rear of the engine and four wheel drive",2,Electronics,https://api.lorem.space/image/watch?w=640&h=480&r=7270,https://api.lorem.space/image/watch?w=640&h=480&r=8942,https://api.lorem.space/image/watch?w=640&h=480&r=8845,https://api.lorem.space/image/watch?w=640&h=480&r=8872
32,Intelligent Rubber Hat,775,"The automobile layout consists of a front-engine design, with transaxle-type transmissions mounted at the rear of the engine and four wheel drive",5,Others,https://api.lorem.space/image?w=640&h=480&r=7943,https://api.lorem.space/image?w=640&h=480&r=3813,https://api.lorem.space/image?w=640&h=480&r=7639,https://api.lorem.space/image?w=640&h=480&r=766
33,Intelligent Wooden Ball,567,Ergonomic executive chair upholstered in bonded black leather and PVC padded seat and back for all-day comfort and support,5,Others,https://api.lorem.space/image?w=640&h=480&r=7943,https://api.lorem.space/image?w=640&h=480&r=3627,https://api.lorem.space/image?w=640&h=480&r=32,https://api.lorem.space/image?w=640&h=480&r=4038
34,Ergonomic Frozen Sausages,200,"Andy shoes are designed to keeping in mind durability as well as trends, the most stylish range of shoes & sandals",3,Furniture,https://api.lorem.space/image/furniture?w=640&h=480&r=8541,https://api.lorem.space/image/furniture?w=640&h=480&r=5152,https://api.lorem.space/image/furniture?w=640&h=480&r=520,https://api.lorem.space/image/furniture?w=640&h=480&r=4446
35,Rustic Soft Salad,584,"The Nagasaki Lander is the trademarked name of several series of Nagasaki sport bikes, that started with the 1984 ABC800J",2,Electronics,https://api.lorem.space/image/watch?w=640&h=480&r=7270,https://api.lorem.space/image/watch?w=640&h=480&r=4234,https://api.lorem.space/image/watch?w=640&h=480&r=2849,https://api.lorem.space/image/watch?w=640&h=480&r=1003
36,Rustic Concrete Chicken,295,The beautiful range of Apple Naturalé that has an exciting mix of natural ingredients. With the Goodness of 100% Natural Ingredients,3,Furniture,https://api.lorem.space/image/furniture?w=640&h=480&r=8541,https://api.lorem.space/image/furniture?w=640&h=480&r=7106,https://api.lorem.space/image/furniture?w=640&h=480&r=1165,https://api.lorem.space/image/furniture?w=640&h=480&r=7429
37,Small Plastic Tuna,786,The Football Is Good For Training And Recreational Purposes,5,Others,https://api.lorem.space/image?w=640&h=480&r=7943,https://api.lorem.space/image?w=640&h=480&r=4952,https://api.lorem.space/image?w=640&h=480&r=5162,https://api.lorem.space/image?w=640&h=480&r=1629
38,Sleek Concrete Fish,347,The Football Is Good For Training And Recreational Purposes,4,Shoes,https://api.lorem.space/image/shoes?w=640&h=480&r=7332,https://api.lorem.space/image/shoes?w=640&h=480&r=4471,https://api.lorem.space/image/shoes?w=640&h=480&r=4623,https://api.lorem.space/image/shoes?w=640&h=480&r=4868
39,Gorgeous Fresh Chicken,789,"New ABC 13 9370, 13.3, 5th Gen CoreA5-8250U, 8GB RAM, 256GB SSD, power UHD Graphics, OS 10 Home, OS Office A & J 2016",1,Clothes,https://api.lorem.space/image/fashion?w=640&h=480&r=1296,https://api.lorem.space/image/fashion?w=640&h=480&r=1072,https://api.lorem.space/image/fashion?w=640&h=480&r=9390,https://api.lorem.space/image/fashion?w=640&h=480&r=972
40,Ergonomic Concrete Chair,325,"New ABC 13 9370, 13.3, 5th Gen CoreA5-8250U, 8GB RAM, 256GB SSD, power UHD Graphics, OS 10 Home, OS Office A & J 2016",3,Furniture,https://api.lorem.space/image/furniture?w=640&h=480&r=8541,https://api.lorem.space/image/furniture?w=640&h=480&r=1972,https://api.lorem.space/image/furniture?w=640&h=480&r=4906,https://api.lorem.space/image/furniture?w=640&h=480&r=4869
41,Handmade Concrete Fish,415,"The Nagasaki Lander is the trademarked name of several series of Nagasaki sport bikes, that started with the 1984 ABC800J",2,Electronics,https://api.lorem.space/image/watch?w=640&h=480&r=7270,https://api.lorem.space/image/watch?w=640&h=480&r=7448,https://api.lorem.space/image/watch?w=640&h=480&r=2156,https://api.lorem.space/image/watch?w=640&h=480&r=194
42,Small Concrete Chicken,243,"The Apollotech B340 is an affordable wireless mouse with reliable connectivity, 12 months battery life and modern design",4,Shoes,https://api.lorem.space/image/shoes?w=640&h=480&r=7332,https://api.lorem.space/image/shoes?w=640&h=480&r=4695,https://api.lorem.space/image/shoes?w=640&h=480&r=7485,https://api.lorem.space/image/shoes?w=640&h=480&r=2626
43,Intelligent Frozen Keyboard,177,The slim & simple Maple Gaming Keyboard from Dev Byte comes with a sleek body and 7- Color RGB LED Back-lighting for smart functionality,5,Others,https://api.lorem.space/image?w=640&h=480&r=7943,https://api.lorem.space/image?w=640&h=480&r=8459,https://api.lorem.space/image?w=640&h=480&r=5193,https://api.lorem.space/image?w=640&h=480&r=7807
44,Small Frozen Tuna,837,New range of formal shirts are designed keeping you in mind. With fits and styling that will make you stand apart,5,Others,https://api.lorem.space/image?w=640&h=480&r=7943,https://api.lorem.space/image?w=640&h=480&r=4174,https://api.lorem.space/image?w=640&h=480&r=1343,https://api.lorem.space/image?w=640&h=480&r=3200
45,Awesome Fresh Computer,314,Carbonite web goalkeeper gloves are ergonomically designed to give easy fit,2,Electronics,https://api.lorem.space/image/watch?w=640&h=480&r=7270,https://api.lorem.space/image/watch?w=640&h=480&r=5012,https://api.lorem.space/image/watch?w=640&h=480&r=2132,https://api.lorem.space/image/watch?w=640&h=480&r=181
46,Rustic Concrete Ball,287,Ergonomic executive chair upholstered in bonded black leather and PVC padded seat and back for all-day comfort and support,5,Others,https://api.lorem.space/image?w=640&h=480&r=7943,https://api.lorem.space/image?w=640&h=480&r=2997,https://api.lorem.space/image?w=640&h=480&r=6993,https://api.lorem.space/image?w=640&h=480&r=3789
47,Handmade Plastic Pizza,212,The Football Is Good For Training And Recreational Purposes,1,Clothes,https://api.lorem.space/image/fashion?w=640&h=480&r=1296,https://api.lorem.space/image/fashion?w=640&h=480&r=9057,https://api.lorem.space/image/fashion?w=640&h=480&r=4887,https://api.lorem.space/image/fashion?w=640&h=480&r=1802
48,Gorgeous Granite Chair,833,"The automobile layout consists of a front-engine design, with transaxle-type transmissions mounted at the rear of the engine and four wheel drive",1,Clothes,https://api.lorem.space/image/fashion?w=640&h=480&r=1296,https://api.lorem.space/image/fashion?w=640&h=480&r=6956,https://api.lorem.space/image/fashion?w=640&h=480&r=9844,https://api.lorem.space/image/fashion?w=640&h=480&r=2201
49,Handmade Frozen Shoes,755,"Andy shoes are designed to keeping in mind durability as well as trends, the most stylish range of shoes & sandals",2,Electronics,https://api.lorem.space/image/watch?w=640&h=480&r=7270,https://api.lorem.space/image/watch?w=640&h=480&r=266,https://api.lorem.space/image/watch?w=640&h=480&r=3346,https://api.lorem.space/image/watch?w=640&h=480&r=6916
50,Generic Concrete Chicken,198,"Andy shoes are designed to keeping in mind durability as well as trends, the most stylish range of shoes & sandals",4,Shoes,https://api.lorem.space/image/shoes?w=640&h=480&r=7332,https://api.lorem.space/image/shoes?w=640&h=480&r=3664,https://api.lorem.space/image/shoes?w=640&h=480&r=8223,https://api.lorem.space/image/shoes?w=640&h=480&r=3090
51,Handcrafted Wooden Chicken,841,Carbonite web goalkeeper gloves are ergonomically designed to give easy fit,3,Furniture,https://api.lorem.space/image/furniture?w=640&h=480&r=8541,https://api.lorem.space/image/furniture?w=640&h=480&r=9176,https://api.lorem.space/image/furniture?w=640&h=480&r=6585,https://api.lorem.space/image/furniture?w=640&h=480&r=3975
52,Incredible Granite Chips,68,Carbonite web goalkeeper gloves are ergonomically designed to give easy fit,5,Others,https://api.lorem.space/image?w=640&h=480&r=7943,https://api.lorem.space/image?w=640&h=480&r=4159,https://api.lorem.space/image?w=640&h=480&r=5824,https://api.lorem.space/image?w=640&h=480&r=5659
53,Rustic Metal Fish,177,"The Nagasaki Lander is the trademarked name of several series of Nagasaki sport bikes, that started with the 1984 ABC800J",2,Electronics,https://api.lorem.space/image/watch?w=640&h=480&r=7270,https://api.lorem.space/image/watch?w=640&h=480&r=7484,https://api.lorem.space/image/watch?w=640&h=480&r=4525,https://api.lorem.space/image/watch?w=640&h=480&r=1731
54,Practical Cotton Towels,500,"The Apollotech B340 is an affordable wireless mouse with reliable connectivity, 12 months battery life and modern design",2,Electronics,https://api.lorem.space/image/watch?w=640&h=480&r=7270,https://api.lorem.space/image/watch?w=640&h=480&r=3530,https://api.lorem.space/image/watch?w=640&h=480&r=6414,https://api.lorem.space/image/watch?w=640&h=480&r=551
55,Generic Plastic Chicken,922,"The automobile layout consists of a front-engine design, with transaxle-type transmissions mounted at the rear of the engine and four wheel drive",1,Clothes,https://api.lorem.space/image/fashion?w=640&h=480&r=1296,https://api.lorem.space/image/fashion?w=640&h=480&r=5967,https://api.lorem.space/image/fashion?w=640&h=480&r=1509,https://api.lorem.space/image/fashion?w=640&h=480&r=4465
56,Tasty Fresh Shirt,467,"The Nagasaki Lander is the trademarked name of several series of Nagasaki sport bikes, that started with the 1984 ABC800J",4,Shoes,https://api.lorem.space/image/shoes?w=640&h=480&r=7332,https://api.lorem.space/image/shoes?w=640&h=480&r=2583,https://api.lorem.space/image/shoes?w=640&h=480&r=6364,https://api.lorem.space/image/shoes?w=640&h=480&r=1291
57,Handmade Frozen Pants,846,"Boston's most advanced compression wear technology increases muscle oxygenation, stabilizes active muscles",4,Shoes,https://api.lorem.space/image/shoes?w=640&h=480&r=7332,https://api.lorem.space/image/shoes?w=640&h=480&r=8380,https://api.lorem.space/image/shoes?w=640&h=480&r=9395,https://api.lorem.space/image/shoes?w=640&h=480&r=5779
58,Fantastic Frozen Salad,320,"The Nagasaki Lander is the trademarked name of several series of Nagasaki sport bikes, that started with the 1984 ABC800J",5,Others,https://api.lorem.space/image?w=640&h=480&r=7943,https://api.lorem.space/image?w=640&h=480&r=9252,https://api.lorem.space/image?w=640&h=480&r=2579,https://api.lorem.space/image?w=640&h=480&r=7136
59,Small Steel Pants,971,"The Apollotech B340 is an affordable wireless mouse with reliable connectivity, 12 months battery life and modern design",2,Electronics,https://api.lorem.space/image/watch?w=640&h=480&r=7270,https://api.lorem.space/image/watch?w=640&h=480&r=8363,https://api.lorem.space/image/watch?w=640&h=480&r=2801,https://api.lorem.space/image/watch?w=640&h=480&r=5610
60,Practical Steel Gloves,979,"New ABC 13 9370, 13.3, 5th Gen CoreA5-8250U, 8GB RAM, 256GB SSD, power UHD Graphics, OS 10 Home, OS Office A & J 2016",3,Furniture,https://api.lorem.space/image/furniture?w=640&h=480&r=8541,https://api.lorem.space/image/furniture?w=640&h=480&r=2478,https://api.lorem.space/image/furniture?w=640&h=480&r=1367,https://api.lorem.space/image/furniture?w=640&h=480&r=5922
61,Practical Metal Car,183,New range of formal shirts are designed keeping you in mind. With fits and styling that will make you stand apart,4,Shoes,https://api.lorem.space/image/shoes?w=640&h=480&r=7332,https://api.lorem.space/image/shoes?w=640&h=480&r=6429,https://api.lorem.space/image/shoes?w=640&h=480&r=9504,https://api.lorem.space/image/shoes?w=640&h=480&r=9918
62,Incredible Frozen Car,851,Ergonomic executive chair upholstered in bonded black leather and PVC padded seat and back for all-day comfort and support,5,Others,https://api.lorem.space/image?w=640&h=480&r=7943,https://api.lorem.space/image?w=640&h=480&r=7314,https://api.lorem.space/image?w=640&h=480&r=9403,https://api.lorem.space/image?w=640&h=480&r=1716
63,Small Frozen Keyboard,684,New range of formal shirts are designed keeping you in mind. With fits and styling that will make you stand apart,5,Others,https://api.lorem.space/image?w=640&h=480&r=7943,https://api.lorem.space/image?w=640&h=480&r=2275,https://api.lorem.space/image?w=640&h=480&r=7268,https://api.lorem.space/image?w=640&h=480&r=4918
64,Awesome Soft Soap,547,"Andy shoes are designed to keeping in mind durability as well as trends, the most stylish range of shoes & sandals",1,Clothes,https://api.lorem.space/image/fashion?w=640&h=480&r=1296,https://api.lorem.space/image/fashion?w=640&h=480&r=2693,https://api.lorem.space/image/fashion?w=640&h=480&r=3331,https://api.lorem.space/image/fashion?w=640&h=480&r=6814
65,Refined Wooden Computer,767,New range of formal shirts are designed keeping you in mind. With fits and styling that will make you stand apart,3,Furniture,https://api.lorem.space/image/furniture?w=640&h=480&r=8541,https://api.lorem.space/image/furniture?w=640&h=480&r=5001,https://api.lorem.space/image/furniture?w=640&h=480&r=3300,https://api.lorem.space/image/furniture?w=640&h=480&r=7973
66,Licensed Rubber Chicken,662,"Boston's most advanced compression wear technology increases muscle oxygenation, stabilizes active muscles",2,Electronics,https://api.lorem.space/image/watch?w=640&h=480&r=7270,https://api.lorem.space/image/watch?w=640&h=480&r=8420,https://api.lorem.space/image/watch?w=640&h=480&r=8187,https://api.lorem.space/image/watch?w=640&h=480&r=7273
67,Ergonomic Soft Pants,908,The slim & simple Maple Gaming Keyboard from Dev Byte comes with a sleek body and 7- Color RGB LED Back-lighting for smart functionality,1,Clothes,https://api.lorem.space/image/fashion?w=640&h=480&r=1296,https://api.lorem.space/image/fashion?w=640&h=480&r=7009,https://api.lorem.space/image/fashion?w=640&h=480&r=4836,https://api.lorem.space/image/fashion?w=640&h=480&r=3659
68,Ergonomic Rubber Bacon,503,"The Apollotech B340 is an affordable wireless mouse with reliable connectivity, 12 months battery life and modern design",3,Furniture,https://api.lorem.space/image/furniture?w=640&h=480&r=8541,https://api.lorem.space/image/furniture?w=640&h=480&r=4975,https://api.lorem.space/image/furniture?w=640&h=480&r=5838,https://api.lorem.space/image/furniture?w=640&h=480&r=3342
69,Refined Wooden Hat,266,New range of formal shirts are designed keeping you in mind. With fits and styling that will make you stand apart,3,Furniture,https://api.lorem.space/image/furniture?w=640&h=480&r=8541,https://api.lorem.space/image/furniture?w=640&h=480&r=5194,https://api.lorem.space/image/furniture?w=640&h=480&r=7419,https://api.lorem.space/image/furniture?w=640&h=480&r=3585
70,Licensed Metal Bike,134,"Andy shoes are designed to keeping in mind durability as well as trends, the most stylish range of shoes & sandals",2,Electronics,https://api.lorem.space/image/watch?w=640&h=480&r=7270,https://api.lorem.space/image/watch?w=640&h=480&r=4557,https://api.lorem.space/image/watch?w=640&h=480&r=9496,https://api.lorem.space/image/watch?w=640&h=480&r=1388
71,Fantastic Concrete Bacon,790,Carbonite web goalkeeper gloves are ergonomically designed to give easy fit,5,Others,https://api.lorem.space/image?w=640&h=480&r=7943,https://api.lorem.space/image?w=640&h=480&r=2360,https://api.lorem.space/image?w=640&h=480&r=448,https://api.lorem.space/image?w=640&h=480&r=4577
72,Sleek Wooden Bike,341,"The Apollotech B340 is an affordable wireless mouse with reliable connectivity, 12 months battery life and modern design",3,Furniture,https://api.lorem.space/image/furniture?w=640&h=480&r=8541,https://api.lorem.space/image/furniture?w=640&h=480&r=7811,https://api.lorem.space/image/furniture?w=640&h=480&r=1901,https://api.lorem.space/image/furniture?w=640&h=480&r=8352
73,Fantastic Granite Towels,141,"The automobile layout consists of a front-engine design, with transaxle-type transmissions mounted at the rear of the engine and four wheel drive",3,Furniture,https://api.lorem.space/image/furniture?w=640&h=480&r=8541,https://api.lorem.space/image/furniture?w=640&h=480&r=1905,https://api.lorem.space/image/furniture?w=640&h=480&r=4014,https://api.lorem.space/image/furniture?w=640&h=480&r=1442
74,Unbranded Rubber Chips,370,"Boston's most advanced compression wear technology increases muscle oxygenation, stabilizes active muscles",2,Electronics,https://api.lorem.space/image/watch?w=640&h=480&r=7270,https://api.lorem.space/image/watch?w=640&h=480&r=9170,https://api.lorem.space/image/watch?w=640&h=480&r=3176,https://api.lorem.space/image/watch?w=640&h=480&r=1687
75,Gorgeous Granite Mouse,22,The beautiful range of Apple Naturalé that has an exciting mix of natural ingredients. With the Goodness of 100% Natural Ingredients,4,Shoes,https://api.lorem.space/image/shoes?w=640&h=480&r=7332,https://api.lorem.space/image/shoes?w=640&h=480&r=3326,https://api.lorem.space/image/shoes?w=640&h=480&r=5007,https://api.lorem.space/image/shoes?w=640&h=480&r=1840
76,Sleek Rubber Table,621,The slim & simple Maple Gaming Keyboard from Dev Byte comes with a sleek body and 7- Color RGB LED Back-lighting for smart functionality,4,Shoes,https://api.lorem.space/image/shoes?w=640&h=480&r=7332,https://api.lorem.space/image/shoes?w=640&h=480&r=7141,https://api.lorem.space/image/shoes?w=640&h=480&r=6652,https://api.lorem.space/image/shoes?w=640&h=480&r=3810
77,Ergonomic Concrete Keyboard,667,Ergonomic executive chair upholstered in bonded black leather and PVC padded seat and back for all-day comfort and support,2,Electronics,https://api.lorem.space/image/watch?w=640&h=480&r=7270,https://api.lorem.space/image/watch?w=640&h=480&r=5737,https://api.lorem.space/image/watch?w=640&h=480&r=206,https://api.lorem.space/image/watch?w=640&h=480&r=2663
78,Unbranded Rubber Ball,987,"Andy shoes are designed to keeping in mind durability as well as trends, the most stylish range of shoes & sandals",1,Clothes,https://api.lorem.space/image/fashion?w=640&h=480&r=1296,https://api.lorem.space/image/fashion?w=640&h=480&r=4718,https://api.lorem.space/image/fashion?w=640&h=480&r=2474,https://api.lorem.space/image/fashion?w=640&h=480&r=7576
79,Handmade Steel Soap,289,The slim & simple Maple Gaming Keyboard from Dev Byte comes with a sleek body and 7- Color RGB LED Back-lighting for smart functionality,2,Electronics,https://api.lorem.space/image/watch?w=640&h=480&r=7270,https://api.lorem.space/image/watch?w=640&h=480&r=5434,https://api.lorem.space/image/watch?w=640&h=480&r=2351,https://api.lorem.space/image/watch?w=640&h=480&r=504
80,Ergonomic Cotton Cheese,957,The beautiful range of Apple Naturalé that has an exciting mix of natural ingredients. With the Goodness of 100% Natural Ingredients,4,Shoes,https://api.lorem.space/image/shoes?w=640&h=480&r=7332,https://api.lorem.space/image/shoes?w=640&h=480&r=7735,https://api.lorem.space/image/shoes?w=640&h=480&r=5978,https://api.lorem.space/image/shoes?w=640&h=480&r=8088
81,Refined Rubber Car,450,"New ABC 13 9370, 13.3, 5th Gen CoreA5-8250U, 8GB RAM, 256GB SSD, power UHD Graphics, OS 10 Home, OS Office A & J 2016",4,Shoes,https://api.lorem.space/image/shoes?w=640&h=480&r=7332,https://api.lorem.space/image/shoes?w=640&h=480&r=5429,https://api.lorem.space/image/shoes?w=640&h=480&r=7470,https://api.lorem.space/image/shoes?w=640&h=480&r=7696
82,Licensed Fresh Keyboard,466,"The Nagasaki Lander is the trademarked name of several series of Nagasaki sport bikes, that started with the 1984 ABC800J",1,Clothes,https://api.lorem.space/image/fashion?w=640&h=480&r=1296,https://api.lorem.space/image/fashion?w=640&h=480&r=8006,https://api.lorem.space/image/fashion?w=640&h=480&r=708,https://api.lorem.space/image/fashion?w=640&h=480&r=7442
83,Practical Granite Chair,288,The Football Is Good For Training And Recreational Purposes,5,Others,https://api.lorem.space/image?w=640&h=480&r=7943,https://api.lorem.space/image?w=640&h=480&r=5973,https://api.lorem.space/image?w=640&h=480&r=1695,https://api.lorem.space/image?w=640&h=480&r=9793
84,Handmade Fresh Keyboard,610,"The Nagasaki Lander is the trademarked name of several series of Nagasaki sport bikes, that started with the 1984 ABC800J",3,Furniture,https://api.lorem.space/image/furniture?w=640&h=480&r=8541,https://api.lorem.space/image/furniture?w=640&h=480&r=8638,https://api.lorem.space/image/furniture?w=640&h=480&r=2783,https://api.lorem.space/image/furniture?w=640&h=480&r=6772
85,Tasty Steel Keyboard,871,Ergonomic executive chair upholstered in bonded black leather and PVC padded seat and back for all-day comfort and support,5,Others,https://api.lorem.space/image?w=640&h=480&r=7943,https://api.lorem.space/image?w=640&h=480&r=2951,https://api.lorem.space/image?w=640&h=480&r=7747,https://api.lorem.space/image?w=640&h=480&r=9195
86,Awesome Wooden Chair,160,New range of formal shirts are designed keeping you in mind. With fits and styling that will make you stand apart,5,Others,https://api.lorem.space/image?w=640&h=480&r=7943,https://api.lorem.space/image?w=640&h=480&r=6383,https://api.lorem.space/image?w=640&h=480&r=9846,https://api.lorem.space/image?w=640&h=480&r=7277
87,Handmade Concrete Gloves,124,The beautiful range of Apple Naturalé that has an exciting mix of natural ingredients. With the Goodness of 100% Natural Ingredients,3,Furniture,https://api.lorem.space/image/furniture?w=640&h=480&r=8541,https://api.lorem.space/image/furniture?w=640&h=480&r=3603,https://api.lorem.space/image/furniture?w=640&h=480&r=282,https://api.lorem.space/image/furniture?w=640&h=480&r=9269
88,Handmade Steel Car,795,The Football Is Good For Training And Recreational Purposes,3,Furniture,https://api.lorem.space/image/furniture?w=640&h=480&r=8541,https://api.lorem.space/image/furniture?w=640&h=480&r=4504,https://api.lorem.space/image/furniture?w=640&h=480&r=8417,https://api.lorem.space/image/furniture?w=640&h=480&r=4946
89,Rustic Plastic Pants,615,"Andy shoes are designed to keeping in mind durability as well as trends, the most stylish range of shoes & sandals",2,Electronics,https://api.lorem.space/image/watch?w=640&h=480&r=7270,https://api.lorem.space/image/watch?w=640&h=480&r=7717,https://api.lorem.space/image/watch?w=640&h=480&r=2133,https://api.lorem.space/image/watch?w=640&h=480&r=2710
90,Small Metal Shirt,230,The Football Is Good For Training And Recreational Purposes,2,Electronics,https://api.lorem.space/image/watch?w=640&h=480&r=7270,https://api.lorem.space/image/watch?w=640&h=480&r=6703,https://api.lorem.space/image/watch?w=640&h=480&r=8777,https://api.lorem.space/image/watch?w=640&h=480&r=264
91,Fantastic Granite Pants,121,"The Nagasaki Lander is the trademarked name of several series of Nagasaki sport bikes, that started with the 1984 ABC800J",2,Electronics,https://api.lorem.space/image/watch?w=640&h=480&r=7270,https://api.lorem.space/image/watch?w=640&h=480&r=9268,https://api.lorem.space/image/watch?w=640&h=480&r=8022,https://api.lorem.space/image/watch?w=640&h=480&r=457
92,Generic Frozen Cheese,537,The beautiful range of Apple Naturalé that has an exciting mix of natural ingredients. With the Goodness of 100% Natural Ingredients,3,Furniture,https://api.lorem.space/image/furniture?w=640&h=480&r=8541,https://api.lorem.space/image/furniture?w=640&h=480&r=9378,https://api.lorem.space/image/furniture?w=640&h=480&r=1353,https://api.lorem.space/image/furniture?w=640&h=480&r=3781
93,Sleek Concrete Fish,319,The beautiful range of Apple Naturalé that has an exciting mix of natural ingredients. With the Goodness of 100% Natural Ingredients,3,Furniture,https://api.lorem.space/image/furniture?w=640&h=480&r=8541,https://api.lorem.space/image/furniture?w=640&h=480&r=4972,https://api.lorem.space/image/furniture?w=640&h=480&r=1821,https://api.lorem.space/image/furniture?w=640&h=480&r=6263
94,Intelligent Metal Gloves,317,"Andy shoes are designed to keeping in mind durability as well as trends, the most stylish range of shoes & sandals",1,Clothes,https://api.lorem.space/image/fashion?w=640&h=480&r=1296,https://api.lorem.space/image/fashion?w=640&h=480&r=4113,https://api.lorem.space/image/fashion?w=640&h=480&r=3264,https://api.lorem.space/image/fashion?w=640&h=480&r=3615
95,Intelligent Concrete Bacon,412,New range of formal shirts are designed keeping you in mind. With fits and styling that will make you stand apart,1,Clothes,https://api.lorem.space/image/fashion?w=640&h=480&r=1296,https://api.lorem.space/image/fashion?w=640&h=480&r=930,https://api.lorem.space/image/fashion?w=640&h=480&r=3754,https://api.lorem.space/image/fashion?w=640&h=480&r=1760
96,Incredible Frozen Cheese,964,"Andy shoes are designed to keeping in mind durability as well as trends, the most stylish range of shoes & sandals",5,Others,https://api.lorem.space/image?w=640&h=480&r=7943,https://api.lorem.space/image?w=640&h=480&r=7185,https://api.lorem.space/image?w=640&h=480&r=698,https://api.lorem.space/image?w=640&h=480&r=235
97,Gorgeous Wooden Shoes,899,"The Apollotech B340 is an affordable wireless mouse with reliable connectivity, 12 months battery life and modern design",1,Clothes,https://api.lorem.space/image/fashion?w=640&h=480&r=1296,https://api.lorem.space/image/fashion?w=640&h=480&r=7089,https://api.lorem.space/image/fashion?w=640&h=480&r=8089,https://api.lorem.space/image/fashion?w=640&h=480&r=2252
98,Unbranded Plastic Chips,135,"The automobile layout consists of a front-engine design, with transaxle-type transmissions mounted at the rear of the engine and four wheel drive",5,Others,https://api.lorem.space/image?w=640&h=480&r=7943,https://api.lorem.space/image?w=640&h=480&r=4177,https://api.lorem.space/image?w=640&h=480&r=4595,https://api.lorem.space/image?w=640&h=480&r=9427
99,Rustic Fresh Towels,534,"Boston's most advanced compression wear technology increases muscle oxygenation, stabilizes active muscles",2,Electronics,https://api.lorem.space/image/watch?w=640&h=480&r=7270,https://api.lorem.space/image/watch?w=640&h=480&r=35,https://api.lorem.space/image/watch?w=640&h=480&r=9862,https://api.lorem.space/image/watch?w=640&h=480&r=6991
100,Handmade Frozen Computer,906,New range of formal shirts are designed keeping you in mind. With fits and styling that will make you stand apart,1,Clothes,https://api.lorem.space/image/fashion?w=640&h=480&r=1296,https://api.lorem.space/image/fashion?w=640&h=480&r=9677,https://api.lorem.space/image/fashion?w=640&h=480&r=96,https://api.lorem.space/image/fashion?w=640&h=480&r=2382
101,Unbranded Metal Pants,668,The slim & simple Maple Gaming Keyboard from Dev Byte comes with a sleek body and 7- Color RGB LED Back-lighting for smart functionality,5,Others,https://api.lorem.space/image?w=640&h=480&r=7943,https://api.lorem.space/image?w=640&h=480&r=3876,https://api.lorem.space/image?w=640&h=480&r=4163,https://api.lorem.space/image?w=640&h=480&r=7605
102,Incredible Fresh Pizza,541,"The Apollotech B340 is an affordable wireless mouse with reliable connectivity, 12 months battery life and modern design",1,Clothes,https://api.lorem.space/image/fashion?w=640&h=480&r=1296,https://api.lorem.space/image/fashion?w=640&h=480&r=5127,https://api.lorem.space/image/fashion?w=640&h=480&r=8269,https://api.lorem.space/image/fashion?w=640&h=480&r=2503
103,Incredible Fresh Fish,23,"The Nagasaki Lander is the trademarked name of several series of Nagasaki sport bikes, that started with the 1984 ABC800J",2,Electronics,https://api.lorem.space/image/watch?w=640&h=480&r=7270,https://api.lorem.space/image/watch?w=640&h=480&r=6057,https://api.lorem.space/image/watch?w=640&h=480&r=6104,https://api.lorem.space/image/watch?w=640&h=480&r=1225
104,Generic Granite Cheese,893,New range of formal shirts are designed keeping you in mind. With fits and styling that will make you stand apart,2,Electronics,https://api.lorem.space/image/watch?w=640&h=480&r=7270,https://api.lorem.space/image/watch?w=640&h=480&r=8448,https://api.lorem.space/image/watch?w=640&h=480&r=1438,https://api.lorem.space/image/watch?w=640&h=480&r=6820
105,Gorgeous Metal Shoes,285,The Football Is Good For Training And Recreational Purposes,3,Furniture,https://api.lorem.space/image/furniture?w=640&h=480&r=8541,https://api.lorem.space/image/furniture?w=640&h=480&r=7033,https://api.lorem.space/image/furniture?w=640&h=480&r=5153,https://api.lorem.space/image/furniture?w=640&h=480&r=4552
106,Generic Cotton Gloves,928,"New ABC 13 9370, 13.3, 5th Gen CoreA5-8250U, 8GB RAM, 256GB SSD, power UHD Graphics, OS 10 Home, OS Office A & J 2016",3,Furniture,https://api.lorem.space/image/furniture?w=640&h=480&r=8541,https://api.lorem.space/image/furniture?w=640&h=480&r=9081,https://api.lorem.space/image/furniture?w=640&h=480&r=544,https://api.lorem.space/image/furniture?w=640&h=480&r=5638
107,Tasty Frozen Towels,689,"Andy shoes are designed to keeping in mind durability as well as trends, the most stylish range of shoes & sandals",4,Shoes,https://api.lorem.space/image/shoes?w=640&h=480&r=7332,https://api.lorem.space/image/shoes?w=640&h=480&r=7444,https://api.lorem.space/image/shoes?w=640&h=480&r=474,https://api.lorem.space/image/shoes?w=640&h=480&r=1509
108,Refined Granite Fish,28,Ergonomic executive chair upholstered in bonded black leather and PVC padded seat and back for all-day comfort and support,5,Others,https://api.lorem.space/image?w=640&h=480&r=7943,https://api.lorem.space/image?w=640&h=480&r=9157,https://api.lorem.space/image?w=640&h=480&r=3253,https://api.lorem.space/image?w=640&h=480&r=1612
109,Licensed Metal Chips,847,"Andy shoes are designed to keeping in mind durability as well as trends, the most stylish range of shoes & sandals",3,Furniture,https://api.lorem.space/image/furniture?w=640&h=480&r=8541,https://api.lorem.space/image/furniture?w=640&h=480&r=9448,https://api.lorem.space/image/furniture?w=640&h=480&r=5502,https://api.lorem.space/image/furniture?w=640&h=480&r=1731
110,Handcrafted Cotton Salad,88,"The Nagasaki Lander is the trademarked name of several series of Nagasaki sport bikes, that started with the 1984 ABC800J",1,Clothes,https://api.lorem.space/image/fashion?w=640&h=480&r=1296,https://api.lorem.space/image/fashion?w=640&h=480&r=5030,https://api.lorem.space/image/fashion?w=640&h=480&r=4194,https://api.lorem.space/image/fashion?w=640&h=480&r=2435
111,Sleek Frozen Chicken,176,"The Apollotech B340 is an affordable wireless mouse with reliable connectivity, 12 months battery life and modern design",5,Others,https://api.lorem.space/image?w=640&h=480&r=7943,https://api.lorem.space/image?w=640&h=480&r=8935,https://api.lorem.space/image?w=640&h=480&r=9748,https://api.lorem.space/image?w=640&h=480&r=439
112,Intelligent Granite Tuna,125,"Andy shoes are designed to keeping in mind durability as well as trends, the most stylish range of shoes & sandals",1,Clothes,https://api.lorem.space/image/fashion?w=640&h=480&r=1296,https://api.lorem.space/image/fashion?w=640&h=480&r=6877,https://api.lorem.space/image/fashion?w=640&h=480&r=9712,https://api.lorem.space/image/fashion?w=640&h=480&r=1956
113,Licensed Granite Cheese,47,The beautiful range of Apple Naturalé that has an exciting mix of natural ingredients. With the Goodness of 100% Natural Ingredients,3,Furniture,https://api.lorem.space/image/furniture?w=640&h=480&r=8541,https://api.lorem.space/image/furniture?w=640&h=480&r=349,https://api.lorem.space/image/furniture?w=640&h=480&r=9615,https://api.lorem.space/image/furniture?w=640&h=480&r=7166
114,Handcrafted Rubber Car,538,"The automobile layout consists of a front-engine design, with transaxle-type transmissions mounted at the rear of the engine and four wheel drive",3,Furniture,https://api.lorem.space/image/furniture?w=640&h=480&r=8541,https://api.lorem.space/image/furniture?w=640&h=480&r=9353,https://api.lorem.space/image/furniture?w=640&h=480&r=2127,https://api.lorem.space/image/furniture?w=640&h=480&r=3468
115,Handmade Rubber Sausages,144,The beautiful range of Apple Naturalé that has an exciting mix of natural ingredients. With the Goodness of 100% Natural Ingredients,3,Furniture,https://api.lorem.space/image/furniture?w=640&h=480&r=8541,https://api.lorem.space/image/furniture?w=640&h=480&r=2590,https://api.lorem.space/image/furniture?w=640&h=480&r=3678,https://api.lorem.space/image/furniture?w=640&h=480&r=1678
116,Generic Cotton Car,765,"The Nagasaki Lander is the trademarked name of several series of Nagasaki sport bikes, that started with the 1984 ABC800J",4,Shoes,https://api.lorem.space/image/shoes?w=640&h=480&r=7332,https://api.lorem.space/image/shoes?w=640&h=480&r=2964,https://api.lorem.space/image/shoes?w=640&h=480&r=164,https://api.lorem.space/image/shoes?w=640&h=480&r=9659
117,Ergonomic Cotton Keyboard,429,The beautiful range of Apple Naturalé that has an exciting mix of natural ingredients. With the Goodness of 100% Natural Ingredients,3,Furniture,https://api.lorem.space/image/furniture?w=640&h=480&r=8541,https://api.lorem.space/image/furniture?w=640&h=480&r=1642,https://api.lorem.space/image/furniture?w=640&h=480&r=216,https://api.lorem.space/image/furniture?w=640&h=480&r=4965
118,Tasty Cotton Bike,564,The beautiful range of Apple Naturalé that has an exciting mix of natural ingredients. With the Goodness of 100% Natural Ingredients,3,Furniture,https://api.lorem.space/image/furniture?w=640&h=480&r=8541,https://api.lorem.space/image/furniture?w=640&h=480&r=8492,https://api.lorem.space/image/furniture?w=640&h=480&r=7274,https://api.lorem.space/image/furniture?w=640&h=480&r=8037
119,Generic Concrete Mouse,358,New range of formal shirts are designed keeping you in mind. With fits and styling that will make you stand apart,1,Clothes,https://api.lorem.space/image/fashion?w=640&h=480&r=1296,https://api.lorem.space/image/fashion?w=640&h=480&r=9458,https://api.lorem.space/image/fashion?w=640&h=480&r=6721,https://api.lorem.space/image/fashion?w=640&h=480&r=2620
120,Tasty Steel Shoes,8,Carbonite web goalkeeper gloves are ergonomically designed to give easy fit,3,Furniture,https://api.lorem.space/image/furniture?w=640&h=480&r=8541,https://api.lorem.space/image/furniture?w=640&h=480&r=1075,https://api.lorem.space/image/furniture?w=640&h=480&r=9714,https://api.lorem.space/image/furniture?w=640&h=480&r=3008
121,Rustic Cotton Computer,190,"The automobile layout consists of a front-engine design, with transaxle-type transmissions mounted at the rear of the engine and four wheel drive",2,Electronics,https://api.lorem.space/image/watch?w=640&h=480&r=7270,https://api.lorem.space/image/watch?w=640&h=480&r=4185,https://api.lorem.space/image/watch?w=640&h=480&r=8953,https://api.lorem.space/image/watch?w=640&h=480&r=4623
122,Gorgeous Concrete Bacon,609,Carbonite web goalkeeper gloves are ergonomically designed to give easy fit,5,Others,https://api.lorem.space/image?w=640&h=480&r=7943,https://api.lorem.space/image?w=640&h=480&r=7178,https://api.lorem.space/image?w=640&h=480&r=2494,https://api.lorem.space/image?w=640&h=480&r=9779
123,Awesome Fresh Car,901,"The automobile layout consists of a front-engine design, with transaxle-type transmissions mounted at the rear of the engine and four wheel drive",3,Furniture,https://api.lorem.space/image/furniture?w=640&h=480&r=8541,https://api.lorem.space/image/furniture?w=640&h=480&r=412,https://api.lorem.space/image/furniture?w=640&h=480&r=5075,https://api.lorem.space/image/furniture?w=640&h=480&r=2838
124,Fantastic Cotton Fish,650,"New ABC 13 9370, 13.3, 5th Gen CoreA5-8250U, 8GB RAM, 256GB SSD, power UHD Graphics, OS 10 Home, OS Office A & J 2016",2,Electronics,https://api.lorem.space/image/watch?w=640&h=480&r=7270,https://api.lorem.space/image/watch?w=640&h=480&r=8374,https://api.lorem.space/image/watch?w=640&h=480&r=7919,https://api.lorem.space/image/watch?w=640&h=480&r=7872
125,Intelligent Steel Cheese,363,New range of formal shirts are designed keeping you in mind. With fits and styling that will make you stand apart,5,Others,https://api.lorem.space/image?w=640&h=480&r=7943,https://api.lorem.space/image?w=640&h=480&r=3246,https://api.lorem.space/image?w=640&h=480&r=6435,https://api.lorem.space/image?w=640&h=480&r=1386
126,Fantastic Concrete Chicken,536,"The automobile layout consists of a front-engine design, with transaxle-type transmissions mounted at the rear of the engine and four wheel drive",5,Others,https://api.lorem.space/image?w=640&h=480&r=7943,https://api.lorem.space/image?w=640&h=480&r=6487,https://api.lorem.space/image?w=640&h=480&r=7593,https://api.lorem.space/image?w=640&h=480&r=7640
127,Awesome Cotton Cheese,181,Carbonite web goalkeeper gloves are ergonomically designed to give easy fit,2,Electronics,https://api.lorem.space/image/watch?w=640&h=480&r=7270,https://api.lorem.space/image/watch?w=640&h=480&r=7128,https://api.lorem.space/image/watch?w=640&h=480&r=3537,https://api.lorem.space/image/watch?w=640&h=480&r=7663
128,Incredible Steel Sausages,39,"The Apollotech B340 is an affordable wireless mouse with reliable connectivity, 12 months battery life and modern design",3,Furniture,https://api.lorem.space/image/furniture?w=640&h=480&r=8541,https://api.lorem.space/image/furniture?w=640&h=480&r=9902,https://api.lorem.space/image/furniture?w=640&h=480&r=8026,https://api.lorem.space/image/furniture?w=640&h=480&r=5933
129,Unbranded Granite Chair,795,The beautiful range of Apple Naturalé that has an exciting mix of natural ingredients. With the Goodness of 100% Natural Ingredients,5,Others,https://api.lorem.space/image?w=640&h=480&r=7943,https://api.lorem.space/image?w=640&h=480&r=947,https://api.lorem.space/image?w=640&h=480&r=8526,https://api.lorem.space/image?w=640&h=480&r=3503
130,Generic Rubber Bacon,698,Carbonite web goalkeeper gloves are ergonomically designed to give easy fit,5,Others,https://api.lorem.space/image?w=640&h=480&r=7943,https://api.lorem.space/image?w=640&h=480&r=4792,https://api.lorem.space/image?w=640&h=480&r=7958,https://api.lorem.space/image?w=640&h=480&r=9920
131,Handcrafted Rubber Pants,926,Ergonomic executive chair upholstered in bonded black leather and PVC padded seat and back for all-day comfort and support,1,Clothes,https://api.lorem.space/image/fashion?w=640&h=480&r=1296,https://api.lorem.space/image/fashion?w=640&h=480&r=1254,https://api.lorem.space/image/fashion?w=640&h=480&r=7471,https://api.lorem.space/image/fashion?w=640&h=480&r=9095
132,Awesome Rubber Gloves,780,"The Apollotech B340 is an affordable wireless mouse with reliable connectivity, 12 months battery life and modern design",4,Shoes,https://api.lorem.space/image/shoes?w=640&h=480&r=7332,https://api.lorem.space/image/shoes?w=640&h=480&r=9993,https://api.lorem.space/image/shoes?w=640&h=480&r=8196,https://api.lorem.space/image/shoes?w=640&h=480&r=2734
133,Practical Granite Chair,471,"Boston's most advanced compression wear technology increases muscle oxygenation, stabilizes active muscles",1,Clothes,https://api.lorem.space/image/fashion?w=640&h=480&r=1296,https://api.lorem.space/image/fashion?w=640&h=480&r=9667,https://api.lorem.space/image/fashion?w=640&h=480&r=3899,https://api.lorem.space/image/fashion?w=640&h=480&r=7684
134,Rustic Metal Keyboard,333,"The automobile layout consists of a front-engine design, with transaxle-type transmissions mounted at the rear of the engine and four wheel drive",5,Others,https://api.lorem.space/image?w=640&h=480&r=7943,https://api.lorem.space/image?w=640&h=480&r=7266,https://api.lorem.space/image?w=640&h=480&r=7149,https://api.lorem.space/image?w=640&h=480&r=6081
135,Ergonomic Steel Towels,124,The beautiful range of Apple Naturalé that has an exciting mix of natural ingredients. With the Goodness of 100% Natural Ingredients,2,Electronics,https://api.lorem.space/image/watch?w=640&h=480&r=7270,https://api.lorem.space/image/watch?w=640&h=480&r=1414,https://api.lorem.space/image/watch?w=640&h=480&r=5974,https://api.lorem.space/image/watch?w=640&h=480&r=8098
136,Incredible Rubber Cheese,508,The Football Is Good For Training And Recreational Purposes,5,Others,https://api.lorem.space/image?w=640&h=480&r=7943,https://api.lorem.space/image?w=640&h=480&r=2800,https://api.lorem.space/image?w=640&h=480&r=4782,https://api.lorem.space/image?w=640&h=480&r=6603
137,Generic Steel Shoes,708,Ergonomic executive chair upholstered in bonded black leather and PVC padded seat and back for all-day comfort and support,1,Clothes,https://api.lorem.space/image/fashion?w=640&h=480&r=1296,https://api.lorem.space/image/fashion?w=640&h=480&r=1433,https://api.lorem.space/image/fashion?w=640&h=480&r=7925,https://api.lorem.space/image/fashion?w=640&h=480&r=419
138,Awesome Wooden Chips,182,"The Apollotech B340 is an affordable wireless mouse with reliable connectivity, 12 months battery life and modern design",1,Clothes,https://api.lorem.space/image/fashion?w=640&h=480&r=1296,https://api.lorem.space/image/fashion?w=640&h=480&r=89,https://api.lorem.space/image/fashion?w=640&h=480&r=3164,https://api.lorem.space/image/fashion?w=640&h=480&r=4406
139,Ergonomic Granite Chair,811,The slim & simple Maple Gaming Keyboard from Dev Byte comes with a sleek body and 7- Color RGB LED Back-lighting for smart functionality,2,Electronics,https://api.lorem.space/image/watch?w=640&h=480&r=7270,https://api.lorem.space/image/watch?w=640&h=480&r=6704,https://api.lorem.space/image/watch?w=640&h=480&r=929,https://api.lorem.space/image/watch?w=640&h=480&r=215
140,Refined Concrete Ball,222,"Andy shoes are designed to keeping in mind durability as well as trends, the most stylish range of shoes & sandals",2,Electronics,https://api.lorem.space/image/watch?w=640&h=480&r=7270,https://api.lorem.space/image/watch?w=640&h=480&r=7417,https://api.lorem.space/image/watch?w=640&h=480&r=5038,https://api.lorem.space/image/watch?w=640&h=480&r=866
141,Intelligent Steel Hat,173,"The automobile layout consists of a front-engine design, with transaxle-type transmissions mounted at the rear of the engine and four wheel drive",4,Shoes,https://api.lorem.space/image/shoes?w=640&h=480&r=7332,https://api.lorem.space/image/shoes?w=640&h=480&r=7834,https://api.lorem.space/image/shoes?w=640&h=480&r=1167,https://api.lorem.space/image/shoes?w=640&h=480&r=8609
142,Unbranded Plastic Chicken,581,"The Apollotech B340 is an affordable wireless mouse with reliable connectivity, 12 months battery life and modern design",5,Others,https://api.lorem.space/image?w=640&h=480&r=7943,https://api.lorem.space/image?w=640&h=480&r=9090,https://api.lorem.space/image?w=640&h=480&r=6515,https://api.lorem.space/image?w=640&h=480&r=2775
143,Sleek Frozen Salad,60,The slim & simple Maple Gaming Keyboard from Dev Byte comes with a sleek body and 7- Color RGB LED Back-lighting for smart functionality,3,Furniture,https://api.lorem.space/image/furniture?w=640&h=480&r=8541,https://api.lorem.space/image/furniture?w=640&h=480&r=3791,https://api.lorem.space/image/furniture?w=640&h=480&r=1996,https://api.lorem.space/image/furniture?w=640&h=480&r=2157
144,Rustic Concrete Tuna,862,"The automobile layout consists of a front-engine design, with transaxle-type transmissions mounted at the rear of the engine and four wheel drive",1,Clothes,https://api.lorem.space/image/fashion?w=640&h=480&r=1296,https://api.lorem.space/image/fashion?w=640&h=480&r=5599,https://api.lorem.space/image/fashion?w=640&h=480&r=7893,https://api.lorem.space/image/fashion?w=640&h=480&r=5725
145,Tasty Wooden Tuna,617,The slim & simple Maple Gaming Keyboard from Dev Byte comes with a sleek body and 7- Color RGB LED Back-lighting for smart functionality,3,Furniture,https://api.lorem.space/image/furniture?w=640&h=480&r=8541,https://api.lorem.space/image/furniture?w=640&h=480&r=3351,https://api.lorem.space/image/furniture?w=640&h=480&r=5659,https://api.lorem.space/image/furniture?w=640&h=480&r=4100
146,Incredible Steel Shoes,317,"New ABC 13 9370, 13.3, 5th Gen CoreA5-8250U, 8GB RAM, 256GB SSD, power UHD Graphics, OS 10 Home, OS Office A & J 2016",5,Others,https://api.lorem.space/image?w=640&h=480&r=7943,https://api.lorem.space/image?w=640&h=480&r=7137,https://api.lorem.space/image?w=640&h=480&r=8486,https://api.lorem.space/image?w=640&h=480&r=4094
147,Incredible Rubber Table,941,Carbonite web goalkeeper gloves are ergonomically designed to give easy fit,4,Shoes,https://api.lorem.space/image/shoes?w=640&h=480&r=7332,https://api.lorem.space/image/shoes?w=640&h=480&r=8996,https://api.lorem.space/image/shoes?w=640&h=480&r=4058,https://api.lorem.space/image/shoes?w=640&h=480&r=4757
148,Small Cotton Shirt,885,Carbonite web goalkeeper gloves are ergonomically designed to give easy fit,4,Shoes,https://api.lorem.space/image/shoes?w=640&h=480&r=7332,https://api.lorem.space/image/shoes?w=640&h=480&r=7010,https://api.lorem.space/image/shoes?w=640&h=480&r=2000,https://api.lorem.space/image/shoes?w=640&h=480&r=6061
149,Licensed Rubber Hat,717,"The Nagasaki Lander is the trademarked name of several series of Nagasaki sport bikes, that started with the 1984 ABC800J",3,Furniture,https://api.lorem.space/image/furniture?w=640&h=480&r=8541,https://api.lorem.space/image/furniture?w=640&h=480&r=2148,https://api.lorem.space/image/furniture?w=640&h=480&r=3187,https://api.lorem.space/image/furniture?w=640&h=480&r=8246
150,Practical Steel Chips,49,The Football Is Good For Training And Recreational Purposes,3,Furniture,https://api.lorem.space/image/furniture?w=640&h=480&r=8541,https://api.lorem.space/image/furniture?w=640&h=480&r=9501,https://api.lorem.space/image/furniture?w=640&h=480&r=7115,https://api.lorem.space/image/furniture?w=640&h=480&r=7035
151,Awesome Plastic Mouse,869,The Football Is Good For Training And Recreational Purposes,3,Furniture,https://api.lorem.space/image/furniture?w=640&h=480&r=8541,https://api.lorem.space/image/furniture?w=640&h=480&r=3587,https://api.lorem.space/image/furniture?w=640&h=480&r=3689,https://api.lorem.space/image/furniture?w=640&h=480&r=3000
152,Rustic Fresh Salad,608,The beautiful range of Apple Naturalé that has an exciting mix of natural ingredients. With the Goodness of 100% Natural Ingredients,4,Shoes,https://api.lorem.space/image/shoes?w=640&h=480&r=7332,https://api.lorem.space/image/shoes?w=640&h=480&r=9915,https://api.lorem.space/image/shoes?w=640&h=480&r=6711,https://api.lorem.space/image/shoes?w=640&h=480&r=6024
153,Gorgeous Granite Sausages,448,"The Apollotech B340 is an affordable wireless mouse with reliable connectivity, 12 months battery life and modern design",4,Shoes,https://api.lorem.space/image/shoes?w=640&h=480&r=7332,https://api.lorem.space/image/shoes?w=640&h=480&r=389,https://api.lorem.space/image/shoes?w=640&h=480&r=3131,https://api.lorem.space/image/shoes?w=640&h=480&r=298
154,Practical Frozen Bacon,979,"The Nagasaki Lander is the trademarked name of several series of Nagasaki sport bikes, that started with the 1984 ABC800J",1,Clothes,https://api.lorem.space/image/fashion?w=640&h=480&r=1296,https://api.lorem.space/image/fashion?w=640&h=480&r=6484,https://api.lorem.space/image/fashion?w=640&h=480&r=2130,https://api.lorem.space/image/fashion?w=640&h=480&r=5449
155,Handmade Fresh Table,465,The slim & simple Maple Gaming Keyboard from Dev Byte comes with a sleek body and 7- Color RGB LED Back-lighting for smart functionality,2,Electronics,https://api.lorem.space/image/watch?w=640&h=480&r=7270,https://api.lorem.space/image/watch?w=640&h=480&r=9096,https://api.lorem.space/image/watch?w=640&h=480&r=2935,https://api.lorem.space/image/watch?w=640&h=480&r=474
156,Handmade Steel Shirt,89,"Boston's most advanced compression wear technology increases muscle oxygenation, stabilizes active muscles",3,Furniture,https://api.lorem.space/image/furniture?w=640&h=480&r=8541,https://api.lorem.space/image/furniture?w=640&h=480&r=8347,https://api.lorem.space/image/furniture?w=640&h=480&r=9578,https://api.lorem.space/image/furniture?w=640&h=480&r=7297
157,Intelligent Rubber Chips,720,"New ABC 13 9370, 13.3, 5th Gen CoreA5-8250U, 8GB RAM, 256GB SSD, power UHD Graphics, OS 10 Home, OS Office A & J 2016",4,Shoes,https://api.lorem.space/image/shoes?w=640&h=480&r=7332,https://api.lorem.space/image/shoes?w=640&h=480&r=6424,https://api.lorem.space/image/shoes?w=640&h=480&r=520,https://api.lorem.space/image/shoes?w=640&h=480&r=3035
158,Incredible Steel Car,600,The slim & simple Maple Gaming Keyboard from Dev Byte comes with a sleek body and 7- Color RGB LED Back-lighting for smart functionality,5,Others,https://api.lorem.space/image?w=640&h=480&r=7943,https://api.lorem.space/image?w=640&h=480&r=9873,https://api.lorem.space/image?w=640&h=480&r=8946,https://api.lorem.space/image?w=640&h=480&r=1265
159,Rustic Soft Bacon,52,"The automobile layout consists of a front-engine design, with transaxle-type transmissions mounted at the rear of the engine and four wheel drive",2,Electronics,https://api.lorem.space/image/watch?w=640&h=480&r=7270,https://api.lorem.space/image/watch?w=640&h=480&r=8068,https://api.lorem.space/image/watch?w=640&h=480&r=4331,https://api.lorem.space/image/watch?w=640&h=480&r=859
160,Fantastic Cotton Chair,627,New range of formal shirts are designed keeping you in mind. With fits and styling that will make you stand apart,2,Electronics,https://api.lorem.space/image/watch?w=640&h=480&r=7270,https://api.lorem.space/image/watch?w=640&h=480&r=6726,https://api.lorem.space/image/watch?w=640&h=480&r=6591,https://api.lorem.space/image/watch?w=640&h=480&r=4600
161,Gorgeous Concrete Chair,996,The Football Is Good For Training And Recreational Purposes,2,Electronics,https://api.lorem.space/image/watch?w=640&h=480&r=7270,https://api.lorem.space/image/watch?w=640&h=480&r=4246,https://api.lorem.space/image/watch?w=640&h=480&r=7340,https://api.lorem.space/image/watch?w=640&h=480&r=6995
162,Handmade Plastic Soap,623,Ergonomic executive chair upholstered in bonded black leather and PVC padded seat and back for all-day comfort and support,3,Furniture,https://api.lorem.space/image/furniture?w=640&h=480&r=8541,https://api.lorem.space/image/furniture?w=640&h=480&r=1198,https://api.lorem.space/image/furniture?w=640&h=480&r=8402,https://api.lorem.space/image/furniture?w=640&h=480&r=6291
163,Unbranded Plastic Bike,386,"The automobile layout consists of a front-engine design, with transaxle-type transmissions mounted at the rear of the engine and four wheel drive",3,Furniture,https://api.lorem.space/image/furniture?w=640&h=480&r=8541,https://api.lorem.space/image/furniture?w=640&h=480&r=4635,https://api.lorem.space/image/furniture?w=640&h=480&r=1428,https://api.lorem.space/image/furniture?w=640&h=480&r=975
164,Fantastic Soft Fish,775,"New ABC 13 9370, 13.3, 5th Gen CoreA5-8250U, 8GB RAM, 256GB SSD, power UHD Graphics, OS 10 Home, OS Office A & J 2016",1,Clothes,https://api.lorem.space/image/fashion?w=640&h=480&r=1296,https://api.lorem.space/image/fashion?w=640&h=480&r=8632,https://api.lorem.space/image/fashion?w=640&h=480&r=4655,https://api.lorem.space/image/fashion?w=640&h=480&r=7501
165,Rustic Soft Gloves,31,Ergonomic executive chair upholstered in bonded black leather and PVC padded seat and back for all-day comfort and support,1,Clothes,https://api.lorem.space/image/fashion?w=640&h=480&r=1296,https://api.lorem.space/image/fashion?w=640&h=480&r=9611,https://api.lorem.space/image/fashion?w=640&h=480&r=4508,https://api.lorem.space/image/fashion?w=640&h=480&r=9691
166,Intelligent Wooden Gloves,259,The beautiful range of Apple Naturalé that has an exciting mix of natural ingredients. With the Goodness of 100% Natural Ingredients,4,Shoes,https://api.lorem.space/image/shoes?w=640&h=480&r=7332,https://api.lorem.space/image/shoes?w=640&h=480&r=8855,https://api.lorem.space/image/shoes?w=640&h=480&r=8996,https://api.lorem.space/image/shoes?w=640&h=480&r=7304
167,Practical Fresh Gloves,791,Ergonomic executive chair upholstered in bonded black leather and PVC padded seat and back for all-day comfort and support,4,Shoes,https://api.lorem.space/image/shoes?w=640&h=480&r=7332,https://api.lorem.space/image/shoes?w=640&h=480&r=6224,https://api.lorem.space/image/shoes?w=640&h=480&r=8245,https://api.lorem.space/image/shoes?w=640&h=480&r=9909
168,Incredible Metal Table,954,The Football Is Good For Training And Recreational Purposes,2,Electronics,https://api.lorem.space/image/watch?w=640&h=480&r=7270,https://api.lorem.space/image/watch?w=640&h=480&r=124,https://api.lorem.space/image/watch?w=640&h=480&r=4194,https://api.lorem.space/image/watch?w=640&h=480&r=5105
169,Intelligent Rubber Chips,238,"The Apollotech B340 is an affordable wireless mouse with reliable connectivity, 12 months battery life and modern design",4,Shoes,https://api.lorem.space/image/shoes?w=640&h=480&r=7332,https://api.lorem.space/image/shoes?w=640&h=480&r=22,https://api.lorem.space/image/shoes?w=640&h=480&r=8841,https://api.lorem.space/image/shoes?w=640&h=480&r=978
170,Ergonomic Frozen Fish,149,The Football Is Good For Training And Recreational Purposes,2,Electronics,https://api.lorem.space/image/watch?w=640&h=480&r=7270,https://api.lorem.space/image/watch?w=640&h=480&r=5842,https://api.lorem.space/image/watch?w=640&h=480&r=4269,https://api.lorem.space/image/watch?w=640&h=480&r=2626
171,Handcrafted Fresh Soap,243,New range of formal shirts are designed keeping you in mind. With fits and styling that will make you stand apart,4,Shoes,https://api.lorem.space/image/shoes?w=640&h=480&r=7332,https://api.lorem.space/image/shoes?w=640&h=480&r=2852,https://api.lorem.space/image/shoes?w=640&h=480&r=4827,https://api.lorem.space/image/shoes?w=640&h=480&r=240
172,Ergonomic Steel Sausages,519,"The Nagasaki Lander is the trademarked name of several series of Nagasaki sport bikes, that started with the 1984 ABC800J",4,Shoes,https://api.lorem.space/image/shoes?w=640&h=480&r=7332,https://api.lorem.space/image/shoes?w=640&h=480&r=9449,https://api.lorem.space/image/shoes?w=640&h=480&r=1675,https://api.lorem.space/image/shoes?w=640&h=480&r=9045
173,Rustic Soft Fish,806,The slim & simple Maple Gaming Keyboard from Dev Byte comes with a sleek body and 7- Color RGB LED Back-lighting for smart functionality,2,Electronics,https://api.lorem.space/image/watch?w=640&h=480&r=7270,https://api.lorem.space/image/watch?w=640&h=480&r=9062,https://api.lorem.space/image/watch?w=640&h=480&r=8657,https://api.lorem.space/image/watch?w=640&h=480&r=1147
174,Sleek Concrete Tuna,482,Carbonite web goalkeeper gloves are ergonomically designed to give easy fit,2,Electronics,https://api.lorem.space/image/watch?w=640&h=480&r=7270,https://api.lorem.space/image/watch?w=640&h=480&r=3235,https://api.lorem.space/image/watch?w=640&h=480&r=3008,https://api.lorem.space/image/watch?w=640&h=480&r=2716
175,Unbranded Concrete Bike,788,"New ABC 13 9370, 13.3, 5th Gen CoreA5-8250U, 8GB RAM, 256GB SSD, power UHD Graphics, OS 10 Home, OS Office A & J 2016",5,Others,https://api.lorem.space/image?w=640&h=480&r=7943,https://api.lorem.space/image?w=640&h=480&r=1808,https://api.lorem.space/image?w=640&h=480&r=6523,https://api.lorem.space/image?w=640&h=480&r=92
176,Incredible Concrete Sausages,805,The Football Is Good For Training And Recreational Purposes,4,Shoes,https://api.lorem.space/image/shoes?w=640&h=480&r=7332,https://api.lorem.space/image/shoes?w=640&h=480&r=1597,https://api.lorem.space/image/shoes?w=640&h=480&r=921,https://api.lorem.space/image/shoes?w=640&h=480&r=7780
177,Generic Wooden Pants,994,Carbonite web goalkeeper gloves are ergonomically designed to give easy fit,2,Electronics,https://api.lorem.space/image/watch?w=640&h=480&r=7270,https://api.lorem.space/image/watch?w=640&h=480&r=2964,https://api.lorem.space/image/watch?w=640&h=480&r=2187,https://api.lorem.space/image/watch?w=640&h=480&r=341
178,Licensed Fresh Car,494,"Andy shoes are designed to keeping in mind durability as well as trends, the most stylish range of shoes & sandals",1,Clothes,https://api.lorem.space/image/fashion?w=640&h=480&r=1296,https://api.lorem.space/image/fashion?w=640&h=480&r=1164,https://api.lorem.space/image/fashion?w=640&h=480&r=6359,https://api.lorem.space/image/fashion?w=640&h=480&r=6219
179,Rustic Granite Pizza,249,Ergonomic executive chair upholstered in bonded black leather and PVC padded seat and back for all-day comfort and support,4,Shoes,https://api.lorem.space/image/shoes?w=640&h=480&r=7332,https://api.lorem.space/image/shoes?w=640&h=480&r=7158,https://api.lorem.space/image/shoes?w=640&h=480&r=8490,https://api.lorem.space/image/shoes?w=640&h=480&r=2633
180,Awesome Rubber Bacon,198,The slim & simple Maple Gaming Keyboard from Dev Byte comes with a sleek body and 7- Color RGB LED Back-lighting for smart functionality,4,Shoes,https://api.lorem.space/image/shoes?w=640&h=480&r=7332,https://api.lorem.space/image/shoes?w=640&h=480&r=5042,https://api.lorem.space/image/shoes?w=640&h=480&r=8179,https://api.lorem.space/image/shoes?w=640&h=480&r=376
181,Intelligent Cotton Shirt,406,"Andy shoes are designed to keeping in mind durability as well as trends, the most stylish range of shoes & sandals",3,Furniture,https://api.lorem.space/image/furniture?w=640&h=480&r=8541,https://api.lorem.space/image/furniture?w=640&h=480&r=6317,https://api.lorem.space/image/furniture?w=640&h=480&r=9750,https://api.lorem.space/image/furniture?w=640&h=480&r=6126
182,Generic Wooden Sausages,972,"New ABC 13 9370, 13.3, 5th Gen CoreA5-8250U, 8GB RAM, 256GB SSD, power UHD Graphics, OS 10 Home, OS Office A & J 2016",5,Others,https://api.lorem.space/image?w=640&h=480&r=7943,https://api.lorem.space/image?w=640&h=480&r=9574,https://api.lorem.space/image?w=640&h=480&r=1191,https://api.lorem.space/image?w=640&h=480&r=5237
183,Practical Frozen Computer,283,"Boston's most advanced compression wear technology increases muscle oxygenation, stabilizes active muscles",1,Clothes,https://api.lorem.space/image/fashion?w=640&h=480&r=1296,https://api.lorem.space/image/fashion?w=640&h=480&r=8951,https://api.lorem.space/image/fashion?w=640&h=480&r=3735,https://api.lorem.space/image/fashion?w=640&h=480&r=8193
184,Awesome Soft Mouse,768,"The automobile layout consists of a front-engine design, with transaxle-type transmissions mounted at the rear of the engine and four wheel drive",1,Clothes,https://api.lorem.space/image/fashion?w=640&h=480&r=1296,https://api.lorem.space/image/fashion?w=640&h=480&r=1313,https://api.lorem.space/image/fashion?w=640&h=480&r=7392,https://api.lorem.space/image/fashion?w=640&h=480&r=924
185,Licensed Soft Chicken,541,"The automobile layout consists of a front-engine design, with transaxle-type transmissions mounted at the rear of the engine and four wheel drive",1,Clothes,https://api.lorem.space/image/fashion?w=640&h=480&r=1296,https://api.lorem.space/image/fashion?w=640&h=480&r=6515,https://api.lorem.space/image/fashion?w=640&h=480&r=2076,https://api.lorem.space/image/fashion?w=640&h=480&r=8007
186,Licensed Fresh Towels,969,"The Nagasaki Lander is the trademarked name of several series of Nagasaki sport bikes, that started with the 1984 ABC800J",2,Electronics,https://api.lorem.space/image/watch?w=640&h=480&r=7270,https://api.lorem.space/image/watch?w=640&h=480&r=7161,https://api.lorem.space/image/watch?w=640&h=480&r=2367,https://api.lorem.space/image/watch?w=640&h=480&r=5238
187,Handmade Steel Keyboard,554,"The automobile layout consists of a front-engine design, with transaxle-type transmissions mounted at the rear of the engine and four wheel drive",1,Clothes,https://api.lorem.space/image/fashion?w=640&h=480&r=1296,https://api.lorem.space/image/fashion?w=640&h=480&r=7889,https://api.lorem.space/image/fashion?w=640&h=480&r=8073,https://api.lorem.space/image/fashion?w=640&h=480&r=7580
188,Practical Metal Cheese,536,"The Nagasaki Lander is the trademarked name of several series of Nagasaki sport bikes, that started with the 1984 ABC800J",2,Electronics,https://api.lorem.space/image/watch?w=640&h=480&r=7270,https://api.lorem.space/image/watch?w=640&h=480&r=6946,https://api.lorem.space/image/watch?w=640&h=480&r=1293,https://api.lorem.space/image/watch?w=640&h=480&r=1148
189,Generic Fresh Ball,720,The slim & simple Maple Gaming Keyboard from Dev Byte comes with a sleek body and 7- Color RGB LED Back-lighting for smart functionality,2,Electronics,https://api.lorem.space/image/watch?w=640&h=480&r=7270,https://api.lorem.space/image/watch?w=640&h=480&r=5227,https://api.lorem.space/image/watch?w=640&h=480&r=1869,https://api.lorem.space/image/watch?w=640&h=480&r=1220
190,Sleek Fresh Cheese,802,The slim & simple Maple Gaming Keyboard from Dev Byte comes with a sleek body and 7- Color RGB LED Back-lighting for smart functionality,3,Furniture,https://api.lorem.space/image/furniture?w=640&h=480&r=8541,https://api.lorem.space/image/furniture?w=640&h=480&r=1995,https://api.lorem.space/image/furniture?w=640&h=480&r=3303,https://api.lorem.space/image/furniture?w=640&h=480&r=4082
191,Ergonomic Plastic Keyboard,455,New range of formal shirts are designed keeping you in mind. With fits and styling that will make you stand apart,2,Electronics,https://api.lorem.space/image/watch?w=640&h=480&r=7270,https://api.lorem.space/image/watch?w=640&h=480&r=5007,https://api.lorem.space/image/watch?w=640&h=480&r=1886,https://api.lorem.space/image/watch?w=640&h=480&r=8705
192,Practical Fresh Tuna,799,Ergonomic executive chair upholstered in bonded black leather and PVC padded seat and back for all-day comfort and support,1,Clothes,https://api.lorem.space/image/fashion?w=640&h=480&r=1296,https://api.lorem.space/image/fashion?w=640&h=480&r=9852,https://api.lorem.space/image/fashion?w=640&h=480&r=4811,https://api.lorem.space/image/fashion?w=640&h=480&r=4294
193,Awesome Fresh Bike,156,New range of formal shirts are designed keeping you in mind. With fits and styling that will make you stand apart,5,Others,https://api.lorem.space/image?w=640&h=480&r=7943,https://api.lorem.space/image?w=640&h=480&r=9395,https://api.lorem.space/image?w=640&h=480&r=14,https://api.lorem.space/image?w=640&h=480&r=6584
194,Fantastic Cotton Soap,23,"The Apollotech B340 is an affordable wireless mouse with reliable connectivity, 12 months battery life and modern design",2,Electronics,https://api.lorem.space/image/watch?w=640&h=480&r=7270,https://api.lorem.space/image/watch?w=640&h=480&r=1315,https://api.lorem.space/image/watch?w=640&h=480&r=1787,https://api.lorem.space/image/watch?w=640&h=480&r=5522
195,Gorgeous Plastic Salad,489,The slim & simple Maple Gaming Keyboard from Dev Byte comes with a sleek body and 7- Color RGB LED Back-lighting for smart functionality,1,Clothes,https://api.lorem.space/image/fashion?w=640&h=480&r=1296,https://api.lorem.space/image/fashion?w=640&h=480&r=3884,https://api.lorem.space/image/fashion?w=640&h=480&r=2707,https://api.lorem.space/image/fashion?w=640&h=480&r=1078
196,Gorgeous Metal Soap,736,"New ABC 13 9370, 13.3, 5th Gen CoreA5-8250U, 8GB RAM, 256GB SSD, power UHD Graphics, OS 10 Home, OS Office A & J 2016",2,Electronics,https://api.lorem.space/image/watch?w=640&h=480&r=7270,https://api.lorem.space/image/watch?w=640&h=480&r=8916,https://api.lorem.space/image/watch?w=640&h=480&r=5061,https://api.lorem.space/image/watch?w=640&h=480&r=4724
197,Rustic Steel Ball,324,"The automobile layout consists of a front-engine design, with transaxle-type transmissions mounted at the rear of the engine and four wheel drive",2,Electronics,https://api.lorem.space/image/watch?w=640&h=480&r=7270,https://api.lorem.space/image/watch?w=640&h=480&r=7891,https://api.lorem.space/image/watch?w=640&h=480&r=2917,https://api.lorem.space/image/watch?w=640&h=480&r=774
198,Practical Granite Hat,126,The beautiful range of Apple Naturalé that has an exciting mix of natural ingredients. With the Goodness of 100% Natural Ingredients,5,Others,https://api.lorem.space/image?w=640&h=480&r=7943,https://api.lorem.space/image?w=640&h=480&r=5190,https://api.lorem.space/image?w=640&h=480&r=8154,https://api.lorem.space/image?w=640&h=480&r=2163
199,Refined Rubber Pizza,670,Ergonomic executive chair upholstered in bonded black leather and PVC padded seat and back for all-day comfort and support,4,Shoes,https://api.lorem.space/image/shoes?w=640&h=480&r=7332,https://api.lorem.space/image/shoes?w=640&h=480&r=8230,https://api.lorem.space/image/shoes?w=640&h=480&r=2316,https://api.lorem.space/image/shoes?w=640&h=480&r=9122
200,Ergonomic Wooden Car,29,"Boston's most advanced compression wear technology increases muscle oxygenation, stabilizes active muscles",5,Others,https://api.lorem.space/image?w=640&h=480&r=7943,https://api.lorem.space/image?w=640&h=480&r=159,https://api.lorem.space/image?w=640&h=480&r=5762,https://api.lorem.space/image?w=640&h=480&r=7655
201,New Product ayCaramba,742,Evergreen Terrace,1,Clothes,https://api.lorem.space/image/fashion?w=640&h=480&r=1296,https://placeimg.com/640/480/any,,
202,New Product ayCaramba,742,Evergreen Terrace,1,Clothes,https://api.lorem.space/image/fashion?w=640&h=480&r=1296,https://placeimg.com/640/480/any,,
203,Berriondo,837,que berraquera pues,1,Clothes,https://api.lorem.space/image/fashion?w=640&h=480&r=1296,https://placeimg.com/640/480/any,,
204,New Product SpRacso 204,889.99,A description SpRacso 204,1,Clothes,https://api.lorem.space/image/fashion?w=640&h=480&r=1296,https://placeimg.com/640/480/any,,
206,New Product,10,A description,1,Clothes,https://api.lorem.space/image/fashion?w=640&h=480&r=1296,https://placeimg.com/640/480/any,,
207,212 new,212,A description,1,Clothes,https://api.lorem.space/image/fashion?w=640&h=480&r=1296,https://placeimg.com/640/480/any,,
208,212 new,212,A description,1,Clothes,https://api.lorem.space/image/fashion?w=640&h=480&r=1296,https://placeimg.com/640/480/any,,
209,chubby nalgas,1000000,es un perrito feliz,1,Clothes,https://api.lorem.space/image/fashion?w=640&h=480&r=1296,https://placeimg.com/640/480/any,,
210,alejandra velasquez,2000000,es una minina,1,Clothes,https://api.lorem.space/image/fashion?w=640&h=480&r=1296,https://placeimg.com/640/480/any,,
211,prueba producto,123,123,1,Clothes,https://api.lorem.space/image/fashion?w=640&h=480&r=1296,https://api.lorem.space/image/fashion?w=640&h=480&r=9574,,
212,New Product Course,99999,A description,1,Clothes,https://api.lorem.space/image/fashion?w=640&h=480&r=1296,https://placeimg.com/640/480/any,,
